{"@context": "http://schema.org", "@type": "SoftwareSourceCode", "isPartOf": {"@type": "WebApplication", "applicationCategory": "Computational Modeling Software Repository", "operatingSystem": "Any", "name": "CoMSES Model Library", "url": "https://www.comses.net/codebases"}, "publisher": {"@id": "https://www.comses.net", "@type": "Organization", "name": "CoMSES Net", "url": "https://www.comses.net"}, "provider": {"@id": "https://www.comses.net", "@type": "Organization", "name": "CoMSES Net", "url": "https://www.comses.net"}, "name": "A data-informed bounded-confidence opinion dynamics model", "description": "The simulation is a variant of the \u201cToRealSim OD variants - base v2.7\u201d base model, which is based on the standard DW opinion dynamics model (but with the differences that rather than one agent per tick randomly influencing another, all agents randomly influence one other per tick - this seems to make no difference to the outcomes other than to scale simulation time). Influence can be made one-way by turning off the *two-way?* switch\n\nVarious additional variations and sources of noise are possible to test robustness of outcomes to these (compared to DW model).\nIn this version agent opinions change following the empirical data collected in some experiments (Tak\u00e1cs et al 2016).\n\nSuch an algorithm leaves no role for the uncertainties in other OD models. [Indeed the data from (Tak\u00e1cs et al 2016) indicates that there can be influence even when opinion differences are large - which violates a core assumption of these]. However to allow better comparison with other such models there is a with-un? switch which allows uncertainties to come into play. If this is on, then influence (according to above algorithm) is only calculated if the opinion difference is less than the uncertainty. If an agent is influenced uncertainties are modified in the same way as standard DW models.", "version": "0.3.0", "targetProduct": {"@type": "SoftwareApplication", "operatingSystem": "platform_independent", "applicationCategory": "Computational Model", "downloadUrl": "https://www.comses.net/codebases/537b40cf-e300-4245-bcc6-427b53515bf6/releases/0.3.0/download/", "releaseNotes": "To run this model you need the file \u201cprobs10.csv\u201d to be in the same directory as this code to work. Otherwise it uses standard NetLogo 6.* extensions so none extra need installing.", "softwareVersion": "0.3.0", "identifier": "https://www.comses.net/codebases/537b40cf-e300-4245-bcc6-427b53515bf6/releases/0.3.0/", "sameAs": "https://www.comses.net/codebases/537b40cf-e300-4245-bcc6-427b53515bf6/releases/0.3.0/"}, "programmingLanguage": [{"@type": "ComputerLanguage", "name": "NetLogo 6.1"}], "author": [{"@type": "Person", "givenName": "Bruce", "familyName": "Edmonds", "@id": "https://orcid.org/0000-0002-3903-2507", "email": "bruce@edmonds.name"}], "identifier": "https://www.comses.net/codebases/537b40cf-e300-4245-bcc6-427b53515bf6/releases/0.3.0/", "dateCreated": "2021-03-10T18:55:32.287138+00:00", "dateModified": "2021-03-10T19:00:58.527133+00:00", "keywords": ["behavioural experiments", "ToRealSim", "opinion dynamics", "social influence"], "runtimePlatform": ["NetLogo"], "url": "https://www.comses.net/codebases/537b40cf-e300-4245-bcc6-427b53515bf6/releases/0.3.0/", "datePublished": "2021-03-10", "citation": "Bruce Edmonds (2021, March 10). \"A data-informed bounded-confidence opinion dynamics model\" (Version 0.3.0). _CoMSES Computational Model Library_. Retrieved from: https://www.comses.net/codebases/537b40cf-e300-4245-bcc6-427b53515bf6/releases/0.3.0/", "copyrightYear": 2021, "license": "http://creativecommons.org/licenses/by/4.0/", "releaseNotes": "To run this model you need the file \u201cprobs10.csv\u201d to be in the same directory as this code to work. Otherwise it uses standard NetLogo 6.* extensions so none extra need installing."}